<?xml version="1.0" encoding="UTF-8"?>
<root>
  <item name="com.intercom.input.gallery.GalleryInputDataSource int getPermissionStatus()">
    <annotation name="android.support.annotation.IntDef">
      <val name="value" val="{com.intercom.input.gallery.PermissionStatus.GRANTED, com.intercom.input.gallery.PermissionStatus.DENIED_TEMPORARILY, com.intercom.input.gallery.PermissionStatus.DENIED_PERMANENTLY, com.intercom.input.gallery.PermissionStatus.NEVER_ASKED}" />
    </annotation>
  </item>
  <item name="com.intercom.input.gallery.GalleryInputFragment void showEmptyOrPermissionScreen(int) 0">
    <annotation name="android.support.annotation.IntDef">
      <val name="value" val="{com.intercom.input.gallery.PermissionStatus.GRANTED, com.intercom.input.gallery.PermissionStatus.DENIED_TEMPORARILY, com.intercom.input.gallery.PermissionStatus.DENIED_PERMANENTLY, com.intercom.input.gallery.PermissionStatus.NEVER_ASKED}" />
    </annotation>
  </item>
  <item name="com.intercom.input.gallery.LocalImagesDataSource int getPermissionStatus()">
    <annotation name="android.support.annotation.IntDef">
      <val name="value" val="{com.intercom.input.gallery.PermissionStatus.GRANTED, com.intercom.input.gallery.PermissionStatus.DENIED_TEMPORARILY, com.intercom.input.gallery.PermissionStatus.DENIED_PERMANENTLY, com.intercom.input.gallery.PermissionStatus.NEVER_ASKED}" />
    </annotation>
  </item>
  <item name="com.intercom.input.gallery.PermissionHelper int getPermissionStatus(java.lang.String)">
    <annotation name="android.support.annotation.IntDef">
      <val name="value" val="{com.intercom.input.gallery.PermissionStatus.GRANTED, com.intercom.input.gallery.PermissionStatus.DENIED_TEMPORARILY, com.intercom.input.gallery.PermissionStatus.DENIED_PERMANENTLY, com.intercom.input.gallery.PermissionStatus.NEVER_ASKED}" />
    </annotation>
  </item>
  <item name="com.intercom.input.gallery.PermissionStatus">
    <annotation name="android.support.annotation.IntDef">
      <val name="value" val="{com.intercom.input.gallery.PermissionStatus.GRANTED, com.intercom.input.gallery.PermissionStatus.DENIED_TEMPORARILY, com.intercom.input.gallery.PermissionStatus.DENIED_PERMANENTLY, com.intercom.input.gallery.PermissionStatus.NEVER_ASKED}" />
    </annotation>
  </item>
</root>

